# M2 candidate map only; flash-layout.json and m2/flash-layout.json are the
# authoritative write gates. This is selected only by build.sh --profile m2.
# Name,      Type, SubType, Offset,   Size,     Flags
nvs,         data, nvs,     0x9000,   0x6000,
phy_init,    data, phy,     0xf000,   0x1000,
factory,     app,  factory, 0x10000,  0x80000,
kernel,      data, 0x58,    0x90000,  0x720000,
rootfs,      data, 0x58,    0x810000, 0x700000,
dtb,         data, 0x58,    0xf10000, 0x10000,
crashlog,    data, 0x58,    0xf20000, 0x20000,
